-- phpMyAdmin SQL Dump
-- version 4.8.3
-- https://www.phpmyadmin.net/
--
-- 主機: localhost
-- 產生時間： 2021 年 05 月 21 日 22:07
-- 伺服器版本: 10.2.37-MariaDB-10.2.37+maria~xenial-log
-- PHP 版本： 7.0.33-0ubuntu0.16.04.16

SET SQL_MODE = "NO_AUTO_VALUE_ON_ZERO";
SET AUTOCOMMIT = 0;
START TRANSACTION;
SET time_zone = "+00:00";


/*!40101 SET @OLD_CHARACTER_SET_CLIENT=@@CHARACTER_SET_CLIENT */;
/*!40101 SET @OLD_CHARACTER_SET_RESULTS=@@CHARACTER_SET_RESULTS */;
/*!40101 SET @OLD_COLLATION_CONNECTION=@@COLLATION_CONNECTION */;
/*!40101 SET NAMES utf8mb4 */;

--
-- 資料庫： `csu_portal`
--

-- --------------------------------------------------------

--
-- 資料表結構 `choose`
--

CREATE TABLE `choose` (
  `id` int(11) NOT NULL,
  `year` int(11) NOT NULL,
  `semester` int(11) NOT NULL,
  `course` varchar(50) CHARACTER SET utf8 NOT NULL,
  `course_id` varchar(10) CHARACTER SET utf8 NOT NULL,
  `teacher` varchar(10) CHARACTER SET utf8 NOT NULL,
  `weekday` int(11) NOT NULL,
  `period` int(11) NOT NULL,
  `location` varchar(15) CHARACTER SET utf8 DEFAULT NULL,
  `st_id` int(11) NOT NULL,
  `name` varchar(10) CHARACTER SET utf8 NOT NULL,
  `course_id2` int(11) DEFAULT NULL
) ENGINE=InnoDB DEFAULT CHARSET=latin1;

--
-- 資料表的匯出資料 `choose`
--

INSERT INTO `choose` (`id`, `year`, `semester`, `course`, `course_id`, `teacher`, `weekday`, `period`, `location`, `st_id`, `name`, `course_id2`) VALUES
(1, 109, 2, '電子電路（二）', '40I411A', '李克明', 1, 1, '15-0509', 40718153, '張永昌', 22),
(2, 109, 2, '電子電路（二）', '40IA11A', '李克明', 1, 2, '15-0509', 40718153, '張永昌', 23),
(3, 109, 2, '電子電路（二）', '40IA11A', '李克明', 5, 1, '15-0509', 40718153, '張永昌', 24),
(4, 109, 2, '英語會話', '40PA04B', '未知', 1, 3, '18-0204', 40718153, '張永昌', 24),
(5, 109, 2, '英語會話', '40PA04B', '未知', 1, 4, '18-0204', 40718153, '張永昌', 25),
(6, 109, 2, '電子電路實習', '40IA17A', '林仲晟', 1, 6, '03C0603', 40718153, '張永昌', 10),
(7, 109, 2, '電子電路實習', '40IA17A', '林仲晟', 1, 7, '03C0603', 40718153, '張永昌', NULL),
(8, 109, 2, '電子電路實習', '40IA17A', '林仲晟', 1, 8, '03C0603', 40718153, '張永昌', NULL),
(9, 109, 2, '電子電路實習', '40IA17A', '林仲晟', 1, 9, '03C0603', 40718153, '張永昌', NULL),
(10, 109, 2, '機率與統計', '40IA53A', '黃郁琇', 2, 1, '15-0510', 40718153, '張永昌', NULL),
(11, 109, 2, '機率與統計', '40IA53A', '黃郁琇', 2, 2, '15-0510', 40718153, '張永昌', NULL),
(12, 109, 2, '機率與統計', '40IA53A', '黃郁琇', 4, 4, '03B0704', 40718153, '張永昌', NULL),
(13, 109, 2, '體育', '40032FA', '未知', 2, 3, '桌球室', 40718153, '張永昌', NULL),
(14, 109, 2, '體育', '40032FA', '未知', 2, 4, '桌球室', 40718153, '張永昌', NULL),
(15, 109, 2, '當代台灣與現代世界', '40I040A', '林鳳㛇', 2, 6, '15-0510', 40718153, '張永昌', NULL),
(16, 109, 2, '當代台灣與現代世界', '40I040A', '林鳳㛇', 2, 7, '15-0510', 40718153, '張永昌', NULL),
(17, 109, 2, 'JAVA程式設計', '40IN13A', '傅日明', 3, 5, '03C0701', 40718153, '張永昌', 6),
(18, 109, 2, 'JAVA程式設計', '40IN13A', '傅日明', 3, 6, '03C0701', 40718153, '張永昌', 5),
(19, 109, 2, 'JAVA程式設計', '40IN13A', '傅日明', 3, 7, '03C0701', 40718153, '張永昌', 4),
(20, 109, 2, '物聯網系統概論', '40INF1A', '黃郁琇', 4, 1, '03B0704', 40718153, '張永昌', NULL),
(21, 109, 2, '物聯網系統概論', '40INF1A', '黃郁琇', 4, 2, '03B0704', 40718153, '張永昌', NULL),
(22, 109, 2, '物聯網系統概論', '40INF1A', '黃郁琇', 4, 3, '03B0704', 40718153, '張永昌', NULL),
(23, 109, 2, '資料庫管理系統', '40IN05A', '張建原', 4, 6, '03C0603', 40718153, '張永昌', NULL),
(24, 109, 2, '資料庫管理系統', '40IN05A', '張建原', 4, 7, '03C0603', 40718153, '張永昌', NULL),
(25, 109, 2, '資料庫管理系統', '40IN05A', '張建原', 4, 8, '03C0603', 40718153, '張永昌', NULL),
(26, 109, 2, '計算機結構', '40IA22A', '張心垚', 5, 2, '15-0509', 40718153, '張永昌', NULL),
(27, 109, 2, '計算機結構', '40IA22A', '張心垚', 5, 3, '15-0509', 40718153, '張永昌', NULL),
(28, 109, 2, '計算機結構', '40IA22A', '張心垚', 5, 4, '15-0509', 40718153, '張永昌', NULL),
(29, 109, 2, '通識', '300C41A', '未知', 5, 8, '27-0506', 40718153, '張永昌', NULL),
(30, 109, 2, '通識', '300C41A', '未知', 5, 9, '27-0506', 40718153, '張永昌', NULL),
(33, 109, 2, '電子電路（二）', '40IA11A', '李克明', 1, 1, '15-0509', 40818108, '蔡龍翔', NULL),
(34, 109, 2, '電子電路（二）', '40IA11A', '李克明', 1, 2, '15-0509', 40818108, '蔡龍翔', NULL),
(35, 109, 2, '電子電路（二）', '40IA11A', '李克明', 5, 1, '15-0509', 40818108, '蔡龍翔', NULL),
(36, 109, 2, '英語會話', '40PA04B', '未知', 1, 3, '18-0204', 40818108, '蔡龍翔', NULL),
(37, 109, 2, '英語會話', '40PA04B', '未知', 1, 4, '18-0204', 40818108, '蔡龍翔', NULL),
(38, 109, 2, '電子電路實習', '40IA17A', '林仲晟', 1, 6, '03C0603', 40818108, '蔡龍翔', NULL),
(39, 109, 2, '電子電路實習', '40IA17A', '林仲晟', 1, 7, '03C0603', 40818108, '蔡龍翔', NULL),
(40, 109, 2, '電子電路實習', '40IA17A', '林仲晟', 1, 8, '03C0603', 40818108, '蔡龍翔', NULL),
(41, 109, 2, '電子電路實習', '40IA17A', '林仲晟', 1, 9, '03C0603', 40818108, '蔡龍翔', NULL),
(42, 109, 2, '機率與統計', '40IA53A', '黃郁琇', 2, 1, '15-0510', 40818108, '蔡龍翔', NULL),
(43, 109, 2, '機率與統計', '40IA53A', '黃郁琇', 2, 2, '15-0510', 40818108, '蔡龍翔', NULL),
(44, 109, 2, '機率與統計', '40IA53A', '黃郁琇', 4, 4, '03B0704', 40818108, '蔡龍翔', NULL),
(45, 109, 2, '體育', '40032FA', '未知', 2, 3, '撞球室', 40818108, '蔡龍翔', NULL),
(46, 109, 2, '體育', '40032FA', '未知', 2, 4, '撞球室', 40818108, '蔡龍翔', NULL),
(47, 109, 2, '當代台灣與現代世界', '40I040A', '林鳳㛇', 2, 6, '15-0510', 40818108, '蔡龍翔', NULL),
(48, 109, 2, '當代台灣與現代世界', '40I040A', '林鳳㛇', 2, 7, '15-0510', 40818108, '蔡龍翔', NULL),
(49, 109, 2, 'JAVA程式設計', '40IN13A', '傅日明', 3, 5, '03C0701', 40818108, '蔡龍翔', NULL),
(50, 109, 2, 'JAVA程式設計', '40IN13A', '傅日明', 3, 6, '03C0701', 40818108, '蔡龍翔', NULL),
(51, 109, 2, 'JAVA程式設計', '40IN13A', '傅日明', 3, 7, '03C0701', 40818108, '蔡龍翔', NULL),
(52, 109, 2, '物聯網系統概論', '40INF1A', '黃郁琇', 4, 1, '03B0704', 40818108, '蔡龍翔', NULL),
(53, 109, 2, '物聯網系統概論', '40INF1A', '黃郁琇', 4, 2, '03B0704', 40818108, '蔡龍翔', NULL),
(54, 109, 2, '物聯網系統概論', '40INF1A', '黃郁琇', 4, 3, '03B0704', 40818108, '蔡龍翔', NULL),
(55, 109, 2, '資料庫管理系統', '40IN05A', '張建原', 4, 6, '03C0603', 40818108, '蔡龍翔', NULL),
(56, 109, 2, '資料庫管理系統', '40IN05A', '張建原', 4, 7, '03C0603', 40818108, '蔡龍翔', NULL),
(57, 109, 2, '資料庫管理系統', '40IN05A', '張建原', 4, 8, '03C0603', 40818108, '蔡龍翔', NULL),
(58, 109, 2, '計算機結構', '40IA22A', '張心垚', 5, 2, '15-0509', 40818108, '蔡龍翔', NULL),
(59, 109, 2, '計算機結構', '40IA22A', '張心垚', 5, 3, '15-0509', 40818108, '蔡龍翔', NULL),
(60, 109, 2, '計算機結構', '40IA22A', '張心垚', 5, 4, '15-0509', 40818108, '蔡龍翔', NULL),
(61, 109, 2, '電子電路（二）', '40IA11A', '李克明', 1, 1, '15-0509', 40822222, '王曉明', NULL),
(62, 109, 2, '電子電路（二）', '40IA11A', '李克明', 1, 2, '15-0509', 40822222, '王曉明', NULL),
(63, 109, 2, '電子電路（二）', '40IA11A', '李克明', 5, 1, '15-0509', 40822222, '王曉明', NULL),
(64, 109, 2, '英語會話', '40PA04B', '未知', 1, 3, '18-0204', 40822222, '王曉明', NULL),
(65, 109, 2, '英語會話', '40PA04B', '未知', 1, 4, '18-0204', 40822222, '王曉明', NULL),
(66, 109, 2, '電子電路實習', '40IA17A', '林仲晟', 1, 6, '03C0603', 40822222, '王曉明', NULL),
(67, 109, 2, '電子電路實習', '40IA17A', '林仲晟', 1, 7, '03C0603', 40822222, '王曉明', NULL),
(68, 109, 2, '電子電路實習', '40IA17A', '林仲晟', 1, 8, '03C0603', 40822222, '王曉明', NULL),
(69, 109, 2, '電子電路實習', '40IA17A', '林仲晟', 1, 9, '03C0603', 40822222, '王曉明', NULL),
(70, 109, 2, '機率與統計', '40IA53A', '黃郁琇', 2, 1, '15-0510', 40822222, '王曉明', NULL),
(71, 109, 2, '機率與統計', '40IA53A', '黃郁琇', 2, 2, '15-0510', 40822222, '王曉明', NULL),
(72, 109, 2, '機率與統計', '40IA53A', '黃郁琇', 4, 4, '03B0704', 40822222, '王曉明', NULL),
(73, 109, 2, '體育', '40032FA', '未知', 2, 3, '桌球室', 40822222, '王曉明', NULL),
(74, 109, 2, '體育', '40032FA', '未知', 2, 4, '桌球室', 40822222, '王曉明', NULL),
(75, 109, 2, '當代台灣與現代世界', '40I040A', '林鳳㛇', 2, 6, '15-0510', 40822222, '王曉明', NULL),
(76, 109, 2, '當代台灣與現代世界', '40I040A', '林鳳㛇', 2, 7, '15-0510', 40822222, '王曉明', NULL),
(77, 109, 2, 'JAVA程式設計', '40IN13A', '傅日明', 3, 5, '03C0701', 40822222, '王曉明', NULL),
(78, 109, 2, 'JAVA程式設計', '40IN13A', '傅日明', 3, 6, '03C0701', 40822222, '王曉明', NULL),
(79, 109, 2, 'JAVA程式設計', '40IN13A', '傅日明', 3, 7, '03C0701', 40822222, '王曉明', NULL),
(80, 109, 2, '物聯網系統概論', '40INF1A', '黃郁琇', 4, 1, '03B0704', 40822222, '王曉明', NULL),
(81, 109, 2, '物聯網系統概論', '40INF1A', '黃郁琇', 4, 2, '03B0704', 40822222, '王曉明', NULL),
(82, 109, 2, '物聯網系統概論', '40INF1A', '黃郁琇', 4, 3, '03B0704', 40822222, '王曉明', NULL),
(83, 109, 2, '資料庫管理系統', '40IN05A', '張建原', 4, 6, '03C0603', 40822222, '王曉明', NULL),
(84, 109, 2, '資料庫管理系統', '40IN05A', '張建原', 4, 7, '03C0603', 40822222, '王曉明', NULL),
(85, 109, 2, '資料庫管理系統', '40IN05A', '張建原', 4, 8, '03C0603', 40822222, '王曉明', NULL),
(86, 109, 2, '計算機結構', '40IA22A', '張心垚', 5, 2, '15-0509', 40822222, '王曉明', NULL),
(87, 109, 2, '計算機結構', '40IA22A', '張心垚', 5, 3, '15-0509', 40822222, '王曉明', NULL),
(88, 109, 2, '計算機結構', '40IA22A', '張心垚', 5, 4, '15-0509', 40822222, '王曉明', NULL),
(89, 109, 2, '通識', '300C41A', '未知', 5, 8, '27-0506', 40822222, '王曉明', NULL),
(90, 109, 2, '通識', '300C41A', '未知', 5, 9, '27-0506', 40822222, '王曉明', NULL);

-- --------------------------------------------------------

--
-- 資料表結構 `course`
--

CREATE TABLE `course` (
  `id` int(11) NOT NULL,
  `year` int(11) NOT NULL,
  `semester` int(11) NOT NULL,
  `course` varchar(50) NOT NULL,
  `course_id` varchar(10) NOT NULL,
  `teacher` varchar(10) NOT NULL,
  `unit` varchar(10) NOT NULL,
  `weekday` int(11) NOT NULL,
  `period` int(11) NOT NULL,
  `location` varchar(15) DEFAULT NULL,
  `department1` varchar(10) NOT NULL,
  `department2` varchar(15) NOT NULL,
  `grade` varchar(2) NOT NULL,
  `class` varchar(2) NOT NULL,
  `credit` varchar(3) DEFAULT NULL,
  `hours` int(11) NOT NULL,
  `category` varchar(11) NOT NULL
) ENGINE=InnoDB DEFAULT CHARSET=utf8;

--
-- 資料表的匯出資料 `course`
--

INSERT INTO `course` (`id`, `year`, `semester`, `course`, `course_id`, `teacher`, `unit`, `weekday`, `period`, `location`, `department1`, `department2`, `grade`, `class`, `credit`, `hours`, `category`) VALUES
(1, 109, 2, '計算機結構', '40IA22A', '張心垚', '資工', 5, 2, '15-0509', '日間部四技', '資訊工程系', '二', '甲', '3', 3, '必修'),
(2, 109, 2, '計算機結構', '40IA22A', '張心垚', '資工', 5, 3, '15-0509', '日間部四技', '資訊工程系', '二', '甲', '3', 3, '必修'),
(3, 109, 2, '計算機結構', '40IA22A', '張心垚', '資工', 5, 4, '15-0509', '日間部四技', '資訊工程系', '二', '甲', '3', 3, '必修'),
(4, 109, 2, 'JAVA程式設計', '40IN13A', '傅日明', '資工', 3, 5, '03C0701', '日間部四技', '資訊工程系', '二', '甲', '2', 3, '選修'),
(5, 109, 2, 'JAVA程式設計', '40IN13A', '傅日明', '資工', 3, 6, '03C0701', '日間部四技', '資訊工程系', '二', '甲', '2', 3, '選修'),
(6, 109, 2, 'JAVA程式設計', '40IN13A', '傅日明', '資工', 3, 7, '03C0701', '日間部四技', '資訊工程系', '二', '甲', '2', 3, '選修'),
(7, 109, 2, '資料庫管理系統', '40IN05A', '張建原', '資工', 4, 6, '03C0603', '日間部四技', '資訊工程系', '二', '甲', '2', 3, '選修'),
(8, 109, 2, '資料庫管理系統', '40IN05A', '張建原', '資工', 4, 7, '03C0603', '日間部四技', '資訊工程系', '二', '甲', '2', 3, '選修'),
(9, 109, 2, '資料庫管理系統', '40IN05A', '張建原', '資工', 4, 8, '03C0603', '日間部四技', '資訊工程系', '二', '甲', '2', 3, '選修'),
(10, 109, 2, '電子電路實習', '40IA17A', '林仲晟', '資工', 1, 6, '03C0603', '日間部四技', '資訊工程系', '二', '甲', '2', 4, '必修'),
(11, 109, 2, '電子電路實習', '40IA17A', '林仲晟', '資工', 1, 7, '03C0603', '日間部四技', '資訊工程系', '二', '甲', '2', 4, '必修'),
(12, 109, 2, '電子電路實習', '40IA17A', '林仲晟', '資工', 1, 8, '03C0603', '日間部四技', '資訊工程系', '二', '甲', '2', 4, '必修'),
(13, 109, 2, '電子電路實習', '40IA17A', '林仲晟', '資工', 1, 9, '03C0603', '日間部四技', '資訊工程系', '二', '甲', '2', 4, '必修'),
(14, 109, 2, '物聯網系統概論', '40INF1A', '黃郁琇', '資工', 4, 1, '03B0704', '日間部四技', '資訊工程系', '二', '甲', '2', 3, '選修'),
(15, 109, 2, '物聯網系統概論', '40INF1A', '黃郁琇', '資工', 4, 2, '03B0704', '日間部四技', '資訊工程系', '二', '甲', '2', 3, '選修'),
(16, 109, 2, '物聯網系統概論', '40INF1A', '黃郁琇', '資工', 4, 3, '03B0704', '日間部四技', '資訊工程系', '二', '甲', '2', 3, '選修'),
(17, 109, 2, '機率與統計', '40IA53A', '黃郁琇', '資工', 2, 1, '15-0510', '日間部四技', '資訊工程系', '二', '甲', '3', 3, '必修'),
(18, 109, 2, '機率與統計', '40IA53A', '黃郁琇', '資工', 2, 2, '15-0510', '日間部四技', '資訊工程系', '二', '甲', '3', 3, '必修'),
(19, 109, 2, '機率與統計', '40IA53A', '黃郁琇', '資工', 4, 4, '03B0704', '日間部四技', '資訊工程系', '二', '甲', '3', 3, '必修'),
(20, 109, 2, '當代台灣與現代世界', '40I040A', '林鳳㛇', '資工', 2, 6, '15-0510', '日間部四技', '資訊工程系', '二', '甲', '2', 2, '必修'),
(21, 109, 2, '當代台灣與現代世界', '40I040A', '林鳳㛇', '資工', 2, 7, '15-0510', '日間部四技', '資訊工程系', '二', '甲', '2', 2, '必修'),
(22, 109, 2, '電子電路（二）', '40IA11A', '李克明', '資工', 1, 1, '15-0509', '日間部四技', '資訊工程系', '二', '甲', '3', 3, '必修'),
(23, 109, 2, '電子電路（二）', '40IA11A', '李克明', '資工', 1, 2, '15-0509', '日間部四技', '資訊工程系', '二', '甲', '3', 3, '必修'),
(24, 109, 2, '電子電路（二）', '40IA11A', '李克明', '資工', 5, 1, '15-0509', '日間部四技', '資訊工程系', '二', '甲', '3', 3, '必修'),
(25, 109, 2, '英語會話', '40PA04B', '未知', '資工', 1, 3, '18-0204', '日間部四技', '資訊工程系', '二', '甲', '2', 2, '必修'),
(26, 109, 2, '英語會話', '40PA04B', '未知', '資工', 1, 4, '18-0204', '日間部四技', '資訊工程系', '二', '甲', '2', 2, '必修'),
(27, 109, 2, '體育', '40032FA', '未知', '全部', 2, 3, '桌球室', '日間部四技', '全部', '二', '甲', '1', 2, '必修'),
(28, 109, 2, '體育', '40032FA', '未知', '全部', 2, 4, '桌球室', '日間部四技', '全部', '二', '甲', '1', 2, '必修'),
(29, 109, 2, '通識', '300C41C', '未知', '全部', 5, 6, '27-0506', '日間部四技', '全部', '二', '甲', '2', 2, '必修'),
(30, 109, 2, '通識', '300C41C', '未知', '全部', 5, 7, '27-0506', '日間部四技', '全部', '二', '甲', '2', 2, '必修'),
(31, 109, 2, '通識', '300C41A', '未知', '全部', 5, 8, '27-0506', '日間部四技', '全部', '二', '甲', '2', 2, '必修'),
(32, 109, 2, '通識', '300C41A', '未知', '全部', 5, 9, '27-0506', '日間部四技', '全部', '二', '甲', '2', 2, '必修');

-- --------------------------------------------------------

--
-- 資料表結構 `credits`
--

CREATE TABLE `credits` (
  `id_n` int(11) NOT NULL,
  `year` int(11) NOT NULL,
  `semester` int(11) NOT NULL,
  `course` varchar(50) NOT NULL,
  `course_id` varchar(10) NOT NULL,
  `credit` varchar(3) NOT NULL,
  `get_c` varchar(3) DEFAULT NULL,
  `teacher` varchar(10) NOT NULL,
  `category` varchar(11) NOT NULL,
  `midterm` varchar(5) DEFAULT NULL,
  `score` varchar(5) DEFAULT NULL,
  `status` varchar(10) NOT NULL,
  `st_id` int(11) NOT NULL,
  `name` varchar(10) NOT NULL
) ENGINE=InnoDB DEFAULT CHARSET=utf8;

--
-- 資料表的匯出資料 `credits`
--

INSERT INTO `credits` (`id_n`, `year`, `semester`, `course`, `course_id`, `credit`, `get_c`, `teacher`, `category`, `midterm`, `score`, `status`, `st_id`, `name`) VALUES
(1, 107, 1, '計算機程式設計（一）', '40IA51A', '2', '2', '余國正', '必修', '100', '89', '正常', 40718153, '張永昌'),
(2, 107, 1, '離散數學', '40IA26A', '3', '3', '黃郁琇', '必修', '51', '65', '正常', 40718153, '張永昌'),
(3, 107, 1, '資訊工程論壇', '40IA08A', '1', '1', '余國正', '必修', '', '60', '正常', 40718153, '張永昌'),
(4, 107, 1, '微積分（一）', '40IA06A', '3', '3', '邱祐旭', '必修', '100', '90', '正常', 40718153, '張永昌'),
(5, 107, 1, '物理實驗', '40IA05A', '1', '1', '林燈河', '必修', '80', '73', '正常', 40718153, '張永昌'),
(6, 107, 1, '物理（一）', '40IA03A', '3', '3', '林燈河', '必修', '31', '60', '正常', 40718153, '張永昌'),
(7, 107, 1, '操行', '40I11A1', '0', '0', '無', '必修', '', '81.1', '正常', 40718153, '張永昌'),
(8, 107, 1, '勞作教育（一）', '40I036A', '0', '0', '傅日明', '必修', '', '85', '正常', 40718153, '張永昌'),
(9, 107, 1, '全民國防教育軍事訓練課程-國際情勢', '40I032A', '0', '0', '蔡育霖', '必修', '82', '89', '正常', 40718153, '張永昌'),
(10, 107, 1, '國文（一）', '40I023A', '2', '0', '陳秋虹', '必修', '68', '54', '正常', 40718153, '張永昌'),
(11, 107, 1, '服務學習（一）', '40I020A', '0', '0', '傅日明', '必修', '', '50', '正常', 40718153, '張永昌'),
(12, 107, 1, '計算機概論', '40I013A', '2', '2', '傅日明', '必修', '34', '62', '正常', 40718153, '張永昌'),
(13, 107, 1, '英文（一）', '403003B', '3', '3', '菁英班', '必修', '60', '72', '正常', 40718153, '張永昌'),
(14, 107, 1, '排球', '40022JA', '1', '1', '莊濱鴻', '體育', '60', '72', '正常', 40718153, '張永昌'),
(15, 107, 1, '管理哲學（社會科學）', '300BN6A', '2', '2', '林中進', '通識', '90', '92', '正常', 40718153, '張永昌'),
(16, 107, 2, '扣件製程概論', '40ING1A', '3', '3', '魏上評', '選修', '54', '65', '正常', 40718153, '張永昌'),
(17, 107, 2, '計算機程式設計（二）', '40IA52A', '2', '2', '余國正', '必修', '94', '89', '正常', 40718153, '張永昌'),
(18, 107, 2, '線性代數', '40IA41A', '3', '0', '黃郁琇', '必修', '0', '11', '正常', 40718153, '張永昌'),
(19, 107, 2, '資訊工程倫理', '40IA28A', '1', '0', '余國正', '必修', '', '20', '正常', 40718153, '張永昌'),
(20, 107, 2, '微積分（二）', '40IA07A', '3', '3', '邱祐旭', '必修', '15', '65', '正常', 40718153, '張永昌'),
(21, 107, 2, '物理（二）', '40IA04A', '3', '0', '林燈河', '必修', '0', '20', '正常', 40718153, '張永昌'),
(22, 107, 2, '操行', '40I12A1', '0', '0', '無', '必修', '', '63.1', '正常', 40718153, '張永昌'),
(23, 107, 2, '勞作教育（二）', '40I037A', '0', '0', '傅日明', '必修', '', '0', '正常', 40718153, '張永昌'),
(24, 107, 2, '全民國防教育軍事訓練課程-防衛動員', '40I033A', '0', '0', '岳家麒', '必修', '64', '74', '正常', 40718153, '張永昌'),
(25, 107, 2, '國文（二）', '40I024A', '2', '0', '陳秋虹', '必修', '14', '20', '正常', 40718153, '張永昌'),
(26, 107, 2, '人權與法治教育', '40I022A', '2', '2', '朱嚮勢', '必修', '70', '70', '正常', 40718153, '張永昌'),
(27, 107, 2, '服務學習（二）', '40I021A', '0', '0', '傅日明', '必修', '', '50', '正常', 40718153, '張永昌'),
(28, 107, 2, '英文（二）', '403004B', '3', '0', '菁英班', '必修', '49', '42', '正常', 40718153, '張永昌'),
(29, 107, 2, '排球', '40024JA', '1', '0', '黃弘欽', '體育', '', '20', '正常', 40718153, '張永昌'),
(30, 107, 2, '生活哲學（人文學）', '300A35A', '2', '0', '虞伯樂', '通識', '50', '50', '正常', 40718153, '張永昌'),
(31, 108, 2, '雲端管理概論', '40INH3A', '3', '3', '王耀金', '選修', '55', '60', '正常', 40718153, '張永昌'),
(32, 108, 2, '計算機程式設計（二）', '40IA52A', '2', '0', '余國正', '必修', '', '', '抵免', 40718153, '張永昌'),
(33, 108, 2, '線性代數', '40IA41A', '3', '0', '李克明', '必修', '22', '32', '正常', 40718153, '張永昌'),
(34, 108, 2, '資訊工程倫理', '40IA28A', '1', '1', '余國正', '必修', '', '60', '正常', 40718153, '張永昌'),
(35, 108, 2, '微積分（二）', '40IA07A', '3', '0', '林純穗', '必修', '', '', '抵免', 40718153, '張永昌'),
(36, 108, 2, '物理（二）', '40IA04A', '3', '0', '林燈河', '必修', '23', '27', '正常', 40718153, '張永昌'),
(37, 108, 2, '操行', '40I12A1', '0', '0', '無', '必修', '', '76', '正常', 40718153, '張永昌'),
(38, 108, 2, '勞作教育（二）', '40I037A', '0', '0', '李克明', '必修', '', '82', '正常', 40718153, '張永昌'),
(39, 108, 2, '全民國防教育軍事訓練課程-防衛動員', '40I033A', '0', '0', '蔡育霖', '必修', '', '', '抵免', 40718153, '張永昌'),
(40, 108, 2, '國文（二）', '40I024A', '2', '0', '陳秋虹', '必修', '50', '37', '正常', 40718153, '張永昌'),
(41, 108, 2, '人權與法治教育', '40I022A', '2', '0', '朱嚮勢', '必修', '', '', '抵免', 40718153, '張永昌'),
(42, 108, 2, '服務學習（二）', '40I021A', '0', '0', '李克明', '必修', '', '20', '正常', 40718153, '張永昌'),
(43, 108, 2, '英文（二）', '40I007A', '3', '3', '周怡君', '必修', '74', '80', '正常', 40718153, '張永昌'),
(44, 108, 2, '身心醫學概論（生命科學）', '300DD2B', '2', '2', '林潔欣', '通識', '', '95', '正常', 40718153, '張永昌'),
(45, 109, 1, '英語聽講練習', '435080B', '2', '2', '胡若菊', '必修', '78', '61', '正常', 40718153, '張永昌'),
(46, 109, 1, 'Python程式設計', '40ING3A', '3', '3', '傅日明', '選修', '95', '80', '正常', 40718153, '張永昌'),
(47, 109, 1, '電腦網路原理與實務', '40IN03A', '2', '2', '黃郁琇', '選修', '', '82', '正常', 40718153, '張永昌'),
(48, 109, 1, '資料結構', '40IA54A', '2', '2', '李宗哲', '必修', '', '83', '正常', 40718153, '張永昌'),
(49, 109, 1, '數位系統設計', '40IA16A', '3', '3', '黃志峰', '必修', '24', '64', '正常', 40718153, '張永昌'),
(50, 109, 1, '電子電路（一）', '40IA10A', '3', '0', '李克明', '必修', '10', '28', '正常', 40718153, '張永昌'),
(51, 109, 1, '操行', '40I21A1', '0', '0', '李克明', '必修', '', '81.5', '正常', 40718153, '張永昌'),
(52, 109, 1, '實用中文', '40I003A', '2', '2', '吳連堂', '必修', '74', '90', '正常', 40718153, '張永昌'),
(53, 109, 1, '羽球', '40035EA', '1', '1', '邱明志', '體育', '0', '74', '正常', 40718153, '張永昌'),
(54, 109, 1, '音樂欣賞（人文學）', '300A58A', '2', '2', '王琦', '通識', '41', '86', '正常', 40718153, '張永昌'),
(55, 109, 2, '英語會話', '40PA04B', '2', '0', '胡若菊', '必修', '80', '', '正常', 40718153, '張永昌'),
(56, 109, 2, '物聯網系統概論', '40INF1A', '2', '0', '黃郁琇', '選修', '', '', '正常', 40718153, '張永昌'),
(57, 109, 2, 'JAVA程式設計', '40IN13A', '2', '0', '傅日明', '選修', '100', '', '正常', 40718153, '張永昌'),
(58, 109, 2, '資料庫管理系統', '40IN05A', '2', '0', '張建原', '選修', '', '', '正常', 40718153, '張永昌'),
(59, 109, 2, '機率與統計', '40IA53A', '3', '0', '黃郁琇', '必修', '', '', '正常', 40718153, '張永昌'),
(60, 109, 2, '計算機結構', '40IA22A', '3', '0', '張心垚', '必修', '5', '', '正常', 40718153, '張永昌'),
(61, 109, 2, '電子電路實習', '40IA17A', '2', '0', '林仲晟', '必修', '', '', '正常', 40718153, '張永昌'),
(62, 109, 2, '電子電路（二）', '40IA11A', '3', '0', '李克明', '必修', '19', '', '正常', 40718153, '張永昌'),
(63, 109, 2, '操行', '40I22A1', '0', '0', '李克明', '必修', '', '', '正常', 40718153, '張永昌'),
(64, 109, 2, '當代台灣與現代世界', '40I040A', '2', '0', '林鳳㛇', '必修', '64', '', '正常', 40718153, '張永昌'),
(65, 109, 2, '桌球', '40032FA', '1', '0', '洪國欽', '體育', '0', '', '正常', 40718153, '張永昌'),
(66, 109, 2, '邏輯與創意思考（自然科學）', '300C41C', '2', '0', '郭品維', '通識', '', '', '正常', 40718153, '張永昌'),
(67, 108, 1, '扣件製程概論', '40ING1A', '3', '3', '魏上評', '選修', '82', '79', '正常', 40818108, '蔡龍翔'),
(68, 108, 1, '計算機程式設計（一）', '40IA51A', '2', '2', '余國正', '必修', '', '72', '正常', 40818108, '蔡龍翔'),
(69, 108, 1, '離散數學', '40IA26A', '3', '3', '黃郁琇', '必修', '', '65', '正常', 40818108, '蔡龍翔'),
(70, 108, 1, '資訊工程論壇', '40IA08A', '1', '1', '余國正', '必修', '', '90', '正常', 40818108, '蔡龍翔'),
(71, 108, 1, '微積分（一）', '40IA06A', '3', '3', '林純穗', '必修', '72', '80', '正常', 40818108, '蔡龍翔'),
(72, 108, 1, '物理實驗', '40IA05A', '1', '1', '林燈河', '必修', '55', '72', '正常', 40818108, '蔡龍翔'),
(73, 108, 1, '物理（一）', '40IA03A', '3', '3', '林燈河', '必修', '76', '81', '正常', 40818108, '蔡龍翔'),
(74, 108, 1, '操行', '40I11A1', '0', '0', '李克明', '必修', '', '82.6', '正常', 40818108, '蔡龍翔'),
(75, 108, 1, '勞作教育（一）', '40I036A', '0', '0', '李克明', '必修', '', '94', '正常', 40818108, '蔡龍翔'),
(76, 108, 1, '全民國防教育軍事訓練課程-國際情勢', '40I032A', '0', '0', '蔡育霖', '必修', '85', '86', '正常', 40818108, '蔡龍翔'),
(77, 108, 1, '國文（一）', '40I023A', '2', '2', '陳秋虹', '必修', '75', '98', '正常', 40818108, '蔡龍翔'),
(78, 108, 1, '服務學習（一）', '40I020A', '0', '0', '傅日明', '必修', '', '91', '正常', 40818108, '蔡龍翔'),
(79, 108, 1, '計算機概論', '40I013A', '2', '2', '李克明', '必修', '58', '72', '正常', 40818108, '蔡龍翔'),
(80, 108, 1, '英文（一）', '403003B', '3', '3', 'B1班', '必修', '72', '72', '正常', 40818108, '蔡龍翔'),
(81, 108, 1, '排球', '40024JA', '1', '1', '黃弘欽', '體育', '', '89', '正常', 40818108, '蔡龍翔'),
(82, 108, 1, '溝通、協商與談判技巧（社會科學）', '300B85C', '2', '2', '張美瑤', '通識', '', '77', '正常', 40818108, '蔡龍翔'),
(83, 108, 1, '攝影科技與生活應用（自然科學）', '300CM7A', '2', '2', '林燈河', '通識', '82', '80', '正常', 40818108, '蔡龍翔'),
(84, 108, 2, '雲端管理概論', '40INH3A', '3', '3', '王耀金', '選修', '90', '78', '正常', 40818108, '蔡龍翔'),
(85, 108, 2, '計算機程式設計（二）', '40IA52A', '2', '2', '余國正', '必修', '', '88', '正常', 40818108, '蔡龍翔'),
(86, 108, 2, '線性代數', '40IA41A', '3', '3', '黃郁琇', '必修', '71', '66', '正常', 40818108, '蔡龍翔'),
(87, 108, 2, '資訊工程倫理', '40IA28A', '1', '1', '余國正', '必修', '', '61', '正常', 40818108, '蔡龍翔'),
(88, 108, 2, '微積分（二）', '40IA07A', '3', '3', '林純穗', '必修', '76', '63', '正常', 40818108, '蔡龍翔'),
(89, 108, 2, '物理（二）', '40IA04A', '3', '3', '林燈河', '必修', '90', '87', '正常', 40818108, '蔡龍翔'),
(90, 108, 2, '操行', '40I12A1', '0', '0', '李克明', '必修', '', '66.5', '正常', 40818108, '蔡龍翔'),
(91, 108, 2, '勞作教育（二）', '40I037A', '0', '0', '李克明', '必修', '', '75', '正常', 40818108, '蔡龍翔'),
(92, 108, 2, '全民國防教育軍事訓練課程-防衛動員', '40I033A', '0', '0', '蔡育霖', '必修', '80', '79', '正常', 40818108, '蔡龍翔'),
(93, 108, 2, '國文（二）', '40I024A', '2', '2', '陳秋虹', '必修', '69', '82', '正常', 40818108, '蔡龍翔'),
(94, 108, 2, '人權與法治教育', '40I022A', '2', '2', '鄧雅仁', '必修', '75', '70', '正常', 40818108, '蔡龍翔'),
(95, 108, 2, '服務學習（二）', '40I021A', '0', '0', '李克明', '必修', '', '60', '正常', 40818108, '蔡龍翔'),
(96, 108, 2, '英文（二）', '403004B', '3', '3', 'B1班', '必修', '64', '67', '正常', 40818108, '蔡龍翔'),
(97, 108, 2, '撞球', '40024GA', '1', '1', '登偉宸', '體育', '90', '88', '正常', 40818108, '蔡龍翔'),
(98, 109, 1, '英語聽講練習', '40PA03C', '2', '2', '陳士瑤', '必修', '71', '63', '正常', 40818108, '蔡龍翔'),
(99, 109, 1, 'Python程式設計', '40ING3A', '3', '3', '傅日明', '選修', '100', '90', '正常', 40818108, '蔡龍翔'),
(100, 109, 1, '網頁程式設計（一）', '40IA51A', '2', '0', '陳俊吉', '選修', '80', '24', '正常', 40818108, '蔡龍翔'),
(101, 109, 1, '3D列印實務', '40IN46B', '2', '2', '謝作生', '選修', '87', '89', '正常', 40818108, '蔡龍翔'),
(102, 109, 1, '電腦網路原理與實務', '40IN03A', '2', '2', '黃郁琇', '選修', '', '70', '正常', 40818108, '蔡龍翔'),
(103, 109, 1, '扣件智慧製造系統整合實務（一）', '40IK40A', '2', '2', '業師', '選修', '', '62', '正常', 40818108, '蔡龍翔'),
(104, 109, 1, '類產線即時監控系統實務', '40IK39A', '0.5', '0.5', '業師', '選修', '', '62', '正常', 40818108, '蔡龍翔'),
(105, 109, 1, '無人搬運車AGV實務', '40IK38A', '0.5', '0.5', '業師', '選修', '', '62', '正常', 40818108, '蔡龍翔'),
(106, 109, 1, '成型機搓牙機與壓力感測器實務', '40IK37A', '0.5', '0.5', '業師', '選修', '', '62', '正常', 40818108, '蔡龍翔'),
(107, 109, 1, '自動光學篩選機實務', '40IK36A', '0.5', '0.5', '業師', '選修', '', '62', '正常', 40818108, '蔡龍翔'),
(108, 109, 1, '資料結構', '40IA54A', '2', '2', '李宗哲', '必修', '', '84', '正常', 40818108, '蔡龍翔'),
(109, 109, 1, '數位系統設計', '40IA16A', '3', '3', '黃志峰', '必修', '92', '90', '正常', 40818108, '蔡龍翔'),
(110, 109, 1, '電子電路（一）', '40IA10A', '3', '3', '李克明', '必修', '48', '75', '正常', 40818108, '蔡龍翔'),
(111, 109, 1, '操行', '40I21A1', '0', '0', '李克明', '必修', '', '66.4', '正常', 40818108, '蔡龍翔'),
(112, 109, 1, '實用中文', '40I003A', '2', '2', '吳連堂', '必修', '53', '80', '正常', 40818108, '蔡龍翔'),
(113, 109, 1, '撞球', '40032GA', '1', '1', '王銘揚', '體育', '', '80', '正常', 40818108, '蔡龍翔'),
(114, 109, 2, '英語會話', '40032GA', '2', '0', '陳士瑤', '必修', '64', '', '正常', 40818108, '蔡龍翔'),
(115, 109, 2, '物聯網系統概論', '40INF1A', '2', '0', '黃郁琇', '選修', '', '', '正常', 40818108, '蔡龍翔'),
(116, 109, 2, 'JAVA程式設計', '40IN13A', '2', '0', '傅日明', '選修', '', '', '正常', 40818108, '蔡龍翔'),
(117, 109, 2, '資料庫管理系統', '40IN05A', '2', '0', '張建原', '選修', '', '', '正常', 40818108, '蔡龍翔'),
(118, 109, 2, '機率與統計', '40IA53A', '3', '0', '黃郁琇', '必修', '', '', '正常', 40818108, '蔡龍翔'),
(119, 109, 2, '計算機結構', '40IA51A', '3', '0', '張心垚', '必修', '', '', '正常', 40818108, '蔡龍翔'),
(120, 109, 2, '電子電路實習', '40IA51A', '2', '0', '林仲晟', '必修', '', '', '正常', 40818108, '蔡龍翔'),
(121, 109, 2, '電子電路（二）', '40IA10A', '3', '0', '李克明', '必修', '58', '', '正常', 40818108, '蔡龍翔'),
(122, 109, 2, '操行', '40I22A1', '0', '0', '李克明', '必修', '', '', '正常', 40818108, '蔡龍翔'),
(123, 109, 2, '當代台灣與現代世界', '40I040A', '2', '0', '林鳳㛇', '必修', '79', '', '正常', 40818108, '蔡龍翔'),
(124, 109, 2, '撞球', '40032GA', '1', '0', '王銘揚', '體育', '', '', '正常', 40818108, '蔡龍翔');

-- --------------------------------------------------------

--
-- 資料表結構 `login_history`
--

CREATE TABLE `login_history` (
  `id_n` int(11) NOT NULL,
  `id` int(11) NOT NULL,
  `ip` varchar(30) CHARACTER SET utf8 NOT NULL,
  `time` timestamp NOT NULL DEFAULT current_timestamp()
) ENGINE=InnoDB DEFAULT CHARSET=latin1;

--
-- 資料表的匯出資料 `login_history`
--

INSERT INTO `login_history` (`id_n`, `id`, `ip`, `time`) VALUES
(1, 40718153, '172.69.34.163', '2021-05-19 07:35:49'),
(2, 40718153, '162.158.243.88', '2021-05-19 07:36:13'),
(3, 40718153, '162.158.243.28', '2021-05-19 09:52:51'),
(4, 40818108, '162.158.243.27', '2021-05-19 10:45:17'),
(5, 40818108, '172.69.34.101', '2021-05-19 13:56:42'),
(6, 40818108, '172.69.33.36', '2021-05-19 15:50:55'),
(7, 40718153, '172.69.35.242', '2021-05-19 15:54:03'),
(8, 40822222, '172.69.33.36', '2021-05-19 16:04:50'),
(9, 40818108, '172.69.35.92', '2021-05-19 16:12:39'),
(10, 40818108, '162.158.243.88', '2021-05-19 17:44:30'),
(11, 40818108, '162.158.243.28', '2021-05-19 17:53:18'),
(12, 40818108, '162.158.243.28', '2021-05-19 17:54:03'),
(13, 40818108, '172.69.34.171', '2021-05-19 17:54:03'),
(14, 40818108, '162.158.243.28', '2021-05-19 17:54:20'),
(15, 40818108, '162.158.243.227', '2021-05-19 17:54:57'),
(16, 40818108, '162.158.243.227', '2021-05-19 17:56:23'),
(17, 40818108, '162.158.243.201', '2021-05-19 17:56:55'),
(18, 40818108, '162.158.243.201', '2021-05-19 17:57:08'),
(19, 40818108, '162.158.243.201', '2021-05-19 17:57:16'),
(20, 40818108, '162.158.243.201', '2021-05-19 17:57:58'),
(21, 40818108, '162.158.243.201', '2021-05-19 17:58:21'),
(22, 40818108, '162.158.243.28', '2021-05-19 17:59:08'),
(23, 40818108, '162.158.243.200', '2021-05-19 18:02:12'),
(24, 40818108, '162.158.243.201', '2021-05-19 18:02:18'),
(25, 40818108, '162.158.243.28', '2021-05-19 18:09:25'),
(26, 40718153, '172.69.35.242', '2021-05-19 18:09:34'),
(27, 40818108, '162.158.243.28', '2021-05-19 18:09:36'),
(28, 40818108, '172.69.33.60', '2021-05-19 18:13:53'),
(29, 40818108, '172.69.33.182', '2021-05-19 18:15:54'),
(30, 40818108, '172.69.33.60', '2021-05-19 18:24:48'),
(31, 40818108, '1.173.20.243', '2021-05-19 18:51:00'),
(32, 40818108, '1.173.20.243', '2021-05-19 18:51:48'),
(33, 40818108, '1.175.86.57', '2021-05-19 19:04:12'),
(34, 40818108, '1.175.86.57', '2021-05-19 19:10:36'),
(35, 40818108, '218.173.157.180', '2021-05-19 19:11:56'),
(36, 40718153, '1.175.86.57', '2021-05-19 19:32:36'),
(37, 40818108, '1.200.181.127', '2021-05-19 20:28:41'),
(38, 40718153, '101.9.167.16', '2021-05-19 20:41:45'),
(39, 40718153, '101.9.167.16', '2021-05-19 21:14:00'),
(40, 40718153, '101.9.167.16', '2021-05-19 21:14:09'),
(41, 40818108, '218.173.19.120', '2021-05-19 21:29:56'),
(42, 40818108, '162.158.243.88', '2021-05-19 21:44:58'),
(43, 40818108, '101.9.144.230', '2021-05-19 22:58:56'),
(44, 40818108, '101.9.144.230', '2021-05-19 23:01:25'),
(45, 40818108, '111.82.65.160', '2021-05-19 23:02:46'),
(46, 40818108, '116.59.122.217', '2021-05-19 23:27:23'),
(47, 40818108, '27.242.128.144', '2021-05-20 00:11:18'),
(48, 40818108, '180.217.153.93', '2021-05-20 00:30:11'),
(49, 40818108, '223.139.145.17', '2021-05-20 01:27:41'),
(50, 40818108, '223.139.171.177', '2021-05-20 01:30:14'),
(51, 40818108, '1.173.153.195', '2021-05-20 01:38:27'),
(52, 40818108, '112.78.88.215', '2021-05-20 01:46:22'),
(53, 40818108, '114.27.182.178', '2021-05-20 01:55:05'),
(54, 40818108, '49.159.76.94', '2021-05-20 01:55:36'),
(55, 40818108, '223.139.243.63', '2021-05-20 01:55:39'),
(56, 40818108, '1.200.181.127', '2021-05-20 01:58:17'),
(57, 40818108, '39.8.193.141', '2021-05-20 01:59:12'),
(58, 40818108, '1.173.200.119', '2021-05-20 02:02:48'),
(59, 40818108, '1.200.112.193', '2021-05-20 02:05:16'),
(60, 40818108, '42.74.216.48', '2021-05-20 02:06:51'),
(61, 40818108, '58.115.189.219', '2021-05-20 02:08:02'),
(62, 40818108, '223.138.49.144', '2021-05-20 02:10:21'),
(63, 40818108, '219.69.108.66', '2021-05-20 02:20:13'),
(64, 40818108, '101.9.82.223', '2021-05-20 02:20:22'),
(65, 40818108, '223.138.68.241', '2021-05-20 02:23:48'),
(66, 40818108, '101.136.237.54', '2021-05-20 02:40:44'),
(67, 40818108, '49.159.252.213', '2021-05-20 02:42:04'),
(68, 40818108, '120.118.216.224', '2021-05-20 02:42:09'),
(69, 40818108, '49.158.130.247', '2021-05-20 02:45:25'),
(70, 40818108, '1.200.114.80', '2021-05-20 02:47:50'),
(71, 40818108, '39.11.103.185', '2021-05-20 02:48:52'),
(72, 40818108, '49.159.252.213', '2021-05-20 02:51:05'),
(73, 40818108, '1.200.181.127', '2021-05-20 02:52:00'),
(74, 40818108, '162.158.243.88', '2021-05-20 02:54:26'),
(75, 40818108, '114.136.253.202', '2021-05-20 02:55:53'),
(76, 40818108, '36.239.7.194', '2021-05-20 02:56:07'),
(77, 40818108, '120.118.222.6', '2021-05-20 03:01:53'),
(78, 40818108, '120.118.222.6', '2021-05-20 03:11:15'),
(79, 40818108, '101.9.170.29', '2021-05-20 03:27:09'),
(80, 40818108, '180.217.159.164', '2021-05-20 03:33:07'),
(81, 40818108, '124.218.142.112', '2021-05-20 03:33:23'),
(82, 40818108, '219.70.2.94', '2021-05-20 03:44:38'),
(83, 40818108, '180.217.58.189', '2021-05-20 03:49:54'),
(84, 40818108, '39.13.35.13', '2021-05-20 03:57:20'),
(85, 40818108, '180.218.45.253', '2021-05-20 04:31:24'),
(86, 40818108, '1.165.22.170', '2021-05-20 04:39:00'),
(87, 40818108, '36.239.185.230', '2021-05-20 04:49:46'),
(88, 40818108, '120.118.220.95', '2021-05-20 04:53:30'),
(89, 40818108, '101.9.237.160', '2021-05-20 04:54:54'),
(90, 40818108, '101.9.199.237', '2021-05-20 05:05:09'),
(91, 40818108, '101.9.115.116', '2021-05-20 05:11:28'),
(92, 40818108, '182.234.113.50', '2021-05-20 05:12:08'),
(93, 40818108, '114.40.45.198', '2021-05-20 05:16:34'),
(94, 40818108, '42.77.2.65', '2021-05-20 05:29:51'),
(95, 40818108, '111.254.196.223', '2021-05-20 05:36:16'),
(96, 40818108, '39.13.100.1', '2021-05-20 05:36:34'),
(97, 40818108, '114.40.18.86', '2021-05-20 05:46:23'),
(98, 40818108, '120.118.216.199', '2021-05-20 06:01:37'),
(99, 40818108, '120.118.216.197', '2021-05-20 06:10:20'),
(100, 40818108, '182.233.0.8', '2021-05-20 06:25:39'),
(101, 40818108, '111.254.94.107', '2021-05-20 06:29:20'),
(102, 40818108, '39.11.105.195', '2021-05-20 06:35:02'),
(103, 40818108, '39.9.96.225', '2021-05-20 06:41:18'),
(104, 40818108, '1.172.53.75', '2021-05-20 06:48:57'),
(105, 40818108, '39.9.96.225', '2021-05-20 06:51:37'),
(106, 40818108, '39.9.96.225', '2021-05-20 06:53:19'),
(107, 40818108, '39.8.43.184', '2021-05-20 07:12:10'),
(108, 40818108, '114.40.23.158', '2021-05-20 08:04:11'),
(109, 40818108, '115.43.255.59', '2021-05-20 08:12:05'),
(110, 40818108, '39.8.130.230', '2021-05-20 08:20:52'),
(111, 40818108, '203.77.41.73', '2021-05-20 08:38:07'),
(112, 40818108, '180.176.78.51', '2021-05-20 08:49:28'),
(113, 40718153, '101.9.167.16', '2021-05-20 08:55:15'),
(114, 40718153, '101.9.167.16', '2021-05-20 08:56:35'),
(115, 40818108, '1.172.244.181', '2021-05-20 08:57:26'),
(116, 40818108, '1.172.244.181', '2021-05-20 08:59:38'),
(117, 40818108, '111.242.52.218', '2021-05-20 09:02:12'),
(118, 40818108, '1.175.83.200', '2021-05-20 09:23:48'),
(119, 40818108, '120.118.201.51', '2021-05-20 09:45:45'),
(120, 40818108, '112.78.92.114', '2021-05-20 09:48:08'),
(121, 40818108, '116.89.130.232', '2021-05-20 09:58:40'),
(122, 40818108, '203.204.153.172', '2021-05-20 10:25:16'),
(123, 40818108, '120.118.216.179', '2021-05-20 10:25:19'),
(124, 40818108, '114.40.23.158', '2021-05-20 10:47:19'),
(125, 40818108, '120.118.215.68', '2021-05-20 10:50:46'),
(126, 40818108, '218.173.40.69', '2021-05-20 11:00:36'),
(127, 40818108, '39.12.162.130', '2021-05-20 11:09:30'),
(128, 40818108, '39.12.162.130', '2021-05-20 11:11:06'),
(129, 40818108, '27.247.99.120', '2021-05-20 11:11:51'),
(130, 40818108, '101.137.22.160', '2021-05-20 11:15:41'),
(131, 40818108, '101.137.22.160', '2021-05-20 11:17:31'),
(132, 40818108, '101.137.22.160', '2021-05-20 11:20:37'),
(133, 40818108, '101.137.22.160', '2021-05-20 11:24:21'),
(134, 40818108, '101.12.89.0', '2021-05-20 11:26:25'),
(135, 40818108, '110.28.42.254', '2021-05-20 11:27:07'),
(136, 40818108, '101.137.22.160', '2021-05-20 11:30:53'),
(137, 40818108, '101.9.209.138', '2021-05-20 11:36:38'),
(138, 40818108, '111.242.52.218', '2021-05-20 11:37:13'),
(139, 40818108, '218.173.157.180', '2021-05-20 12:08:11'),
(140, 40818108, '101.9.102.71', '2021-05-20 12:08:21'),
(141, 40818108, '182.233.204.9', '2021-05-20 12:13:05'),
(142, 40818108, '42.77.253.138', '2021-05-20 12:17:07'),
(143, 40818108, '120.118.216.177', '2021-05-20 12:38:31'),
(144, 40818108, '111.254.124.154', '2021-05-20 12:39:35'),
(145, 40818108, '42.75.114.243', '2021-05-20 12:42:39'),
(146, 40818108, '39.9.158.68', '2021-05-20 12:45:54'),
(147, 40818108, '101.9.116.49', '2021-05-20 12:46:27'),
(148, 40818108, '180.217.56.34', '2021-05-20 12:46:27'),
(149, 40818108, '114.27.106.223', '2021-05-20 12:46:46'),
(150, 40818108, '101.9.116.49', '2021-05-20 12:47:09'),
(151, 40818108, '218.35.201.28', '2021-05-20 12:48:24'),
(152, 40818108, '111.255.165.73', '2021-05-20 12:48:40'),
(153, 40818108, '218.164.225.122', '2021-05-20 12:54:22'),
(154, 40818108, '182.233.253.39', '2021-05-20 12:59:27'),
(155, 40818108, '42.75.114.243', '2021-05-20 13:00:40'),
(156, 40818108, '101.9.175.109', '2021-05-20 13:03:58'),
(157, 40818108, '220.142.54.183', '2021-05-20 13:07:00'),
(158, 40818108, '220.142.162.38', '2021-05-20 13:13:57'),
(159, 40818108, '101.9.175.12', '2021-05-20 13:14:44'),
(160, 40818108, '220.143.82.32', '2021-05-20 13:23:44'),
(161, 40818108, '111.242.52.218', '2021-05-20 13:24:08'),
(162, 40818108, '123.252.32.78', '2021-05-20 13:36:51'),
(163, 40818108, '122.116.41.229', '2021-05-20 13:53:00'),
(164, 40818108, '39.11.133.127', '2021-05-20 13:55:41'),
(165, 40818108, '219.68.14.98', '2021-05-20 14:03:10'),
(166, 40818108, '39.11.0.41', '2021-05-20 14:07:01'),
(167, 40818108, '39.9.44.242', '2021-05-20 14:16:35'),
(168, 40818108, '223.139.108.81', '2021-05-20 14:20:53'),
(169, 40818108, '114.40.15.87', '2021-05-20 14:24:04'),
(170, 40818108, '162.158.243.227', '2021-05-20 14:30:34'),
(171, 40818108, '42.74.221.93', '2021-05-20 15:06:13'),
(172, 40818108, '42.74.252.105', '2021-05-20 15:10:32'),
(173, 40818108, '114.40.242.134', '2021-05-20 15:11:36'),
(174, 40818108, '1.200.147.237', '2021-05-20 15:11:39'),
(175, 40818108, '101.136.243.178', '2021-05-20 15:18:15'),
(176, 40818108, '114.40.242.97', '2021-05-20 15:21:22'),
(177, 40818108, '220.142.18.116', '2021-05-20 15:40:09'),
(178, 40818108, '218.173.152.232', '2021-05-20 15:51:44'),
(179, 40818108, '220.142.197.13', '2021-05-20 15:52:17'),
(180, 40818108, '223.139.70.112', '2021-05-20 16:13:52'),
(181, 40818108, '42.74.16.61', '2021-05-20 16:17:51'),
(182, 40818108, '1.175.151.71', '2021-05-20 16:19:18'),
(183, 40818108, '36.237.64.150', '2021-05-20 17:10:59'),
(184, 40818108, '162.158.243.227', '2021-05-20 17:11:12'),
(185, 40818108, '101.9.51.48', '2021-05-20 17:33:25'),
(186, 40818108, '180.217.136.215', '2021-05-20 17:48:00'),
(187, 40818108, '218.173.69.36', '2021-05-20 17:56:55'),
(188, 40818108, '49.159.254.48', '2021-05-20 17:59:27'),
(189, 40818108, '1.200.190.238', '2021-05-20 18:07:39'),
(190, 40818108, '124.6.4.198', '2021-05-20 18:11:49'),
(191, 40818108, '101.9.174.52', '2021-05-20 18:25:15'),
(192, 40818108, '1.200.183.151', '2021-05-20 18:41:09'),
(193, 40818108, '42.74.89.153', '2021-05-20 18:47:23'),
(194, 40818108, '223.138.35.234', '2021-05-20 19:50:12'),
(195, 40818108, '39.9.161.80', '2021-05-20 20:54:52'),
(196, 40818108, '223.139.243.160', '2021-05-20 23:36:21'),
(197, 40818108, '211.23.127.221', '2021-05-21 00:36:31'),
(198, 40818108, '27.242.107.110', '2021-05-21 00:42:41'),
(199, 40818108, '120.118.218.33', '2021-05-21 01:07:22'),
(200, 40818108, '101.12.92.73', '2021-05-21 01:07:40'),
(201, 40818108, '49.216.187.119', '2021-05-21 01:29:59'),
(202, 40818108, '218.166.225.192', '2021-05-21 02:01:25'),
(203, 40818108, '101.9.1.35', '2021-05-21 03:03:00'),
(204, 40818108, '1.173.58.191', '2021-05-21 03:08:48'),
(205, 40818108, '39.11.106.173', '2021-05-21 04:05:58'),
(206, 40818108, '223.139.137.193', '2021-05-21 04:23:59'),
(207, 40818108, '203.204.136.11', '2021-05-21 04:34:46'),
(208, 40818108, '101.9.237.130', '2021-05-21 04:36:13'),
(209, 40818108, '122.254.18.66', '2021-05-21 04:36:47'),
(210, 40818108, '42.75.74.144', '2021-05-21 05:15:42'),
(211, 40818108, '42.74.13.152', '2021-05-21 05:44:50'),
(212, 40818108, '218.164.11.74', '2021-05-21 06:07:41'),
(213, 40818108, '42.77.129.20', '2021-05-21 07:00:47'),
(214, 40818108, '42.77.129.20', '2021-05-21 07:00:49'),
(215, 40818108, '122.121.182.1', '2021-05-21 07:27:56'),
(216, 40818108, '120.118.216.30', '2021-05-21 07:39:31'),
(217, 40818108, '101.10.49.146', '2021-05-21 07:43:23'),
(218, 40818108, '162.158.243.201', '2021-05-21 09:37:51'),
(219, 40818108, '27.52.100.84', '2021-05-21 09:56:59'),
(220, 40818108, '101.9.114.46', '2021-05-21 10:17:13'),
(221, 40818108, '101.10.93.216', '2021-05-21 10:50:53'),
(222, 40818108, '120.118.216.154', '2021-05-21 10:53:08'),
(223, 40818108, '101.10.93.216', '2021-05-21 12:20:54'),
(224, 40822222, '::1', '2021-05-21 12:50:02'),
(225, 40818108, '42.75.107.113', '2021-05-21 13:26:45'),
(226, 40818108, '49.158.128.146', '2021-05-21 13:58:14'),
(227, 40818108, '49.158.128.146', '2021-05-21 14:00:07');

-- --------------------------------------------------------

--
-- 資料表結構 `military`
--

CREATE TABLE `military` (
  `id` int(11) NOT NULL,
  `name` varchar(10) NOT NULL,
  `status` varchar(10) NOT NULL,
  `deadline` date DEFAULT NULL,
  `unit` varchar(20) NOT NULL,
  `date` date NOT NULL,
  `document` varchar(20) NOT NULL
) ENGINE=InnoDB DEFAULT CHARSET=utf8;

--
-- 資料表的匯出資料 `military`
--

INSERT INTO `military` (`id`, `name`, `status`, `deadline`, `unit`, `date`, `document`) VALUES
(40718153, '張永昌', '未役', '2023-06-30', '桃園市政府', '2020-03-16', '府民兵字第1090316034號'),
(40818108, '蔡龍翔', '未役', '2023-06-30', '嘉義市政府', '2009-09-10', '府民兵字第1081007017號'),
(40822222, '王曉明', '未役', '2023-06-30', '嘉義市政府', '2009-09-10', '府民兵字第1081007018號');

-- --------------------------------------------------------

--
-- 資料表結構 `rollcall`
--

CREATE TABLE `rollcall` (
  `id_n` int(11) NOT NULL,
  `id` int(11) NOT NULL,
  `name` varchar(10) NOT NULL,
  `date` date NOT NULL,
  `period` int(11) NOT NULL,
  `status` varchar(10) NOT NULL,
  `course_id` varchar(10) NOT NULL,
  `course` varchar(50) NOT NULL,
  `time` timestamp NOT NULL DEFAULT current_timestamp()
) ENGINE=InnoDB DEFAULT CHARSET=utf8;

--
-- 資料表的匯出資料 `rollcall`
--

INSERT INTO `rollcall` (`id_n`, `id`, `name`, `date`, `period`, `status`, `course_id`, `course`, `time`) VALUES
(1, 40718153, '張永昌', '2021-05-07', 8, '曠課', '300C41C', '邏輯與創意思考（自然科學）', '2021-05-15 15:02:34'),
(2, 40718153, '張永昌', '2021-05-07', 9, '曠課', '300C41C', '邏輯與創意思考（自然科學）', '2021-05-15 15:02:34'),
(3, 40718153, '張永昌', '2021-05-14', 2, '曠課', '40IA22A', '計算機結構', '2021-05-15 15:04:35'),
(4, 40718153, '張永昌', '2021-05-14', 3, '曠課', '40IA22A', '計算機結構', '2021-05-15 15:04:35'),
(5, 40718153, '張永昌', '2021-05-14', 4, '曠課', '40IA22A', '計算機結構', '2021-05-15 15:05:02'),
(6, 40818108, '蔡龍翔', '2021-02-23', 7, '病假', '40I040A', '當代台灣與現代世界', '2021-05-17 13:23:11'),
(7, 40822222, '王曉明', '2021-05-07', 8, '曠課', '300C41C', '邏輯與創意思考（自然科學）', '2021-05-15 15:02:34'),
(8, 40818108, '蔡龍翔', '2021-03-23', 7, '曠課', '40I040A', '當代台灣與現代世界', '2021-05-17 13:23:11');

-- --------------------------------------------------------

--
-- 資料表結構 `students`
--

CREATE TABLE `students` (
  `id` int(11) NOT NULL,
  `name` varchar(10) NOT NULL,
  `gender` varchar(5) NOT NULL,
  `identity` varchar(10) NOT NULL,
  `department1` varchar(10) NOT NULL,
  `department2` varchar(15) NOT NULL,
  `grade` varchar(2) NOT NULL,
  `class` varchar(2) NOT NULL,
  `phone` varchar(10) DEFAULT NULL,
  `mobile` varchar(15) NOT NULL,
  `postal` int(11) NOT NULL,
  `address` varchar(50) NOT NULL,
  `email_s` varchar(30) CHARACTER SET utf8 COLLATE utf8_bin NOT NULL,
  `email_p` varchar(30) CHARACTER SET utf8 COLLATE utf8_bin DEFAULT NULL,
  `bank_id` int(11) DEFAULT NULL,
  `bank_account` varchar(20) DEFAULT NULL,
  `guardian` varchar(10) NOT NULL,
  `g_mobile` varchar(15) NOT NULL,
  `head` varchar(20) CHARACTER SET utf8 COLLATE utf8_bin NOT NULL
) ENGINE=InnoDB DEFAULT CHARSET=utf8;

--
-- 資料表的匯出資料 `students`
--

INSERT INTO `students` (`id`, `name`, `gender`, `identity`, `department1`, `department2`, `grade`, `class`, `phone`, `mobile`, `postal`, `address`, `email_s`, `email_p`, `bank_id`, `bank_account`, `guardian`, `g_mobile`, `head`) VALUES
(40718153, '張永昌', '男', '學士', '日間部四技', '資訊工程系', '二', '甲', NULL, '0913397688', 830, '高雄市鳳山區文濱路69號', '40718153@gcloud.csu.edu.tw', 'josh22788@gmail.com', 820, '263540311180', '張志銘', '0979017286', '3.svg'),
(40818108, '蔡龍翔', '男', '學士', '日間部四技', '資訊工程系', 'Ｘ', 'Ｘ', NULL, '0932323232', 830, '', '40818100@gcloud.csu.edu.tw', 'a@b.com', 812, '11111111111111', '蔡翔麟', '0912345678', 'user.png'),
(40822222, '王曉明', '男', '學士', '日間部四技', '資訊工程系', '二', '甲', NULL, '0987654321', 830, '高雄市鳥松區澄清路840號', '40822222@gcloud.csu.edu.tw', 'cy96245@yahoo.com.tw', 812, '22222222222222', '王曉君', '0988888888', 'user.png');

-- --------------------------------------------------------

--
-- 資料表結構 `users`
--

CREATE TABLE `users` (
  `id` int(11) NOT NULL,
  `password` varchar(30) CHARACTER SET utf8 COLLATE utf8_bin NOT NULL,
  `remember` int(11) NOT NULL DEFAULT 0
) ENGINE=InnoDB DEFAULT CHARSET=utf8;

--
-- 資料表的匯出資料 `users`
--

INSERT INTO `users` (`id`, `password`, `remember`) VALUES
(40718153, 'Canis1227', 1),
(40818108, 'Extra74990', 0),
(40822222, '123456', 0);

--
-- 已匯出資料表的索引
--

--
-- 資料表索引 `choose`
--
ALTER TABLE `choose`
  ADD PRIMARY KEY (`id`),
  ADD KEY `test` (`course_id2`);

--
-- 資料表索引 `course`
--
ALTER TABLE `course`
  ADD PRIMARY KEY (`id`);

--
-- 資料表索引 `credits`
--
ALTER TABLE `credits`
  ADD PRIMARY KEY (`id_n`);

--
-- 資料表索引 `login_history`
--
ALTER TABLE `login_history`
  ADD PRIMARY KEY (`id_n`);

--
-- 資料表索引 `military`
--
ALTER TABLE `military`
  ADD PRIMARY KEY (`id`);

--
-- 資料表索引 `rollcall`
--
ALTER TABLE `rollcall`
  ADD PRIMARY KEY (`id_n`);

--
-- 資料表索引 `students`
--
ALTER TABLE `students`
  ADD PRIMARY KEY (`id`);

--
-- 資料表索引 `users`
--
ALTER TABLE `users`
  ADD PRIMARY KEY (`id`);

--
-- 在匯出的資料表使用 AUTO_INCREMENT
--

--
-- 使用資料表 AUTO_INCREMENT `choose`
--
ALTER TABLE `choose`
  MODIFY `id` int(11) NOT NULL AUTO_INCREMENT, AUTO_INCREMENT=91;

--
-- 使用資料表 AUTO_INCREMENT `course`
--
ALTER TABLE `course`
  MODIFY `id` int(11) NOT NULL AUTO_INCREMENT, AUTO_INCREMENT=33;

--
-- 使用資料表 AUTO_INCREMENT `credits`
--
ALTER TABLE `credits`
  MODIFY `id_n` int(11) NOT NULL AUTO_INCREMENT, AUTO_INCREMENT=125;

--
-- 使用資料表 AUTO_INCREMENT `login_history`
--
ALTER TABLE `login_history`
  MODIFY `id_n` int(11) NOT NULL AUTO_INCREMENT, AUTO_INCREMENT=228;

--
-- 使用資料表 AUTO_INCREMENT `rollcall`
--
ALTER TABLE `rollcall`
  MODIFY `id_n` int(11) NOT NULL AUTO_INCREMENT, AUTO_INCREMENT=9;

--
-- 已匯出資料表的限制(Constraint)
--

--
-- 資料表的 Constraints `choose`
--
ALTER TABLE `choose`
  ADD CONSTRAINT `test` FOREIGN KEY (`course_id2`) REFERENCES `course` (`id`) ON DELETE CASCADE ON UPDATE CASCADE;
COMMIT;

/*!40101 SET CHARACTER_SET_CLIENT=@OLD_CHARACTER_SET_CLIENT */;
/*!40101 SET CHARACTER_SET_RESULTS=@OLD_CHARACTER_SET_RESULTS */;
/*!40101 SET COLLATION_CONNECTION=@OLD_COLLATION_CONNECTION */;
